{
    "wall_times": {
        "load_features": 0.13693356799922185,
        "load_matches": 0.0068296020035631955,
        "compute_tracks": 0.7555486290002591
    },
    "wall_time": 0.8993117990030441,
    "num_images": 16,
    "num_tracks": 10268,
    "view_graph": [
        [
            "20240802_210214.jpg",
            "20240802_210234.jpg",
            185
        ],
        [
            "20240802_210248.jpg",
            "20240802_210255.jpg",
            377
        ],
        [
            "20240802_210217.jpg",
            "20240802_210255.jpg",
            584
        ],
        [
            "20240802_210218.jpg",
            "20240802_210234.jpg",
            165
        ],
        [
            "20240802_210214.jpg",
            "20240802_210255.jpg",
            805
        ],
        [
            "20240802_210211.jpg",
            "20240802_210234.jpg",
            335
        ],
        [
            "20240802_210237.jpg",
            "20240802_210255.jpg",
            212
        ],
        [
            "20240802_210217.jpg",
            "20240802_210234.jpg",
            171
        ],
        [
            "20240802_210211.jpg",
            "20240802_210255.jpg",
            915
        ],
        [
            "20240802_210222.jpg",
            "20240802_210258.jpg",
            419
        ],
        [
            "20240802_210252.jpg",
            "20240802_210255.jpg",
            1141
        ],
        [
            "20240802_210226.jpg",
            "20240802_210258.jpg",
            242
        ],
        [
            "20240802_210214.jpg",
            "20240802_210258.jpg",
            720
        ],
        [
            "20240802_210218.jpg",
            "20240802_210248.jpg",
            217
        ],
        [
            "20240802_210214.jpg",
            "20240802_210218.jpg",
            1198
        ],
        [
            "20240802_210217.jpg",
            "20240802_210226.jpg",
            331
        ],
        [
            "20240802_210217.jpg",
            "20240802_210218.jpg",
            1868
        ],
        [
            "20240802_210218.jpg",
            "20240802_210307.jpg",
            556
        ],
        [
            "20240802_210250.jpg",
            "20240802_210255.jpg",
            668
        ],
        [
            "20240802_210212.jpg",
            "20240802_210218.jpg",
            929
        ],
        [
            "20240802_210234.jpg",
            "20240802_210307.jpg",
            108
        ],
        [
            "20240802_210255.jpg",
            "20240802_210307.jpg",
            312
        ],
        [
            "20240802_210218.jpg",
            "20240802_210222.jpg",
            497
        ],
        [
            "20240802_210218.jpg",
            "20240802_210252.jpg",
            418
        ],
        [
            "20240802_210218.jpg",
            "20240802_210250.jpg",
            292
        ],
        [
            "20240802_210211.jpg",
            "20240802_210258.jpg",
            575
        ],
        [
            "20240802_210212.jpg",
            "20240802_210258.jpg",
            605
        ],
        [
            "20240802_210248.jpg",
            "20240802_210307.jpg",
            143
        ],
        [
            "20240802_210212.jpg",
            "20240802_210307.jpg",
            359
        ],
        [
            "20240802_210217.jpg",
            "20240802_210244.jpg",
            151
        ],
        [
            "20240802_210217.jpg",
            "20240802_210307.jpg",
            479
        ],
        [
            "20240802_210211.jpg",
            "20240802_210307.jpg",
            348
        ],
        [
            "20240802_210237.jpg",
            "20240802_210258.jpg",
            129
        ],
        [
            "20240802_210217.jpg",
            "20240802_210248.jpg",
            216
        ],
        [
            "20240802_210217.jpg",
            "20240802_210222.jpg",
            493
        ],
        [
            "20240802_210217.jpg",
            "20240802_210252.jpg",
            425
        ],
        [
            "20240802_210218.jpg",
            "20240802_210244.jpg",
            148
        ],
        [
            "20240802_210252.jpg",
            "20240802_210307.jpg",
            268
        ],
        [
            "20240802_210212.jpg",
            "20240802_210252.jpg",
            892
        ],
        [
            "20240802_210248.jpg",
            "20240802_210258.jpg",
            218
        ],
        [
            "20240802_210222.jpg",
            "20240802_210237.jpg",
            376
        ],
        [
            "20240802_210255.jpg",
            "20240802_210258.jpg",
            856
        ],
        [
            "20240802_210222.jpg",
            "20240802_210252.jpg",
            1098
        ],
        [
            "20240802_210222.jpg",
            "20240802_210234.jpg",
            460
        ],
        [
            "20240802_210211.jpg",
            "20240802_210244.jpg",
            328
        ],
        [
            "20240802_210211.jpg",
            "20240802_210250.jpg",
            850
        ],
        [
            "20240802_210214.jpg",
            "20240802_210250.jpg",
            416
        ],
        [
            "20240802_210244.jpg",
            "20240802_210252.jpg",
            470
        ],
        [
            "20240802_210211.jpg",
            "20240802_210237.jpg",
            265
        ],
        [
            "20240802_210244.jpg",
            "20240802_210258.jpg",
            126
        ],
        [
            "20240802_210250.jpg",
            "20240802_210307.jpg",
            218
        ],
        [
            "20240802_210212.jpg",
            "20240802_210222.jpg",
            920
        ],
        [
            "20240802_210244.jpg",
            "20240802_210248.jpg",
            1326
        ],
        [
            "20240802_210218.jpg",
            "20240802_210237.jpg",
            139
        ],
        [
            "20240802_210222.jpg",
            "20240802_210244.jpg",
            464
        ],
        [
            "20240802_210252.jpg",
            "20240802_210258.jpg",
            557
        ],
        [
            "20240802_210214.jpg",
            "20240802_210222.jpg",
            662
        ],
        [
            "20240802_210234.jpg",
            "20240802_210255.jpg",
            241
        ],
        [
            "20240802_210234.jpg",
            "20240802_210250.jpg",
            712
        ],
        [
            "20240802_210226.jpg",
            "20240802_210255.jpg",
            442
        ],
        [
            "20240802_210237.jpg",
            "20240802_210252.jpg",
            354
        ],
        [
            "20240802_210237.jpg",
            "20240802_210248.jpg",
            885
        ],
        [
            "20240802_210237.jpg",
            "20240802_210244.jpg",
            1278
        ],
        [
            "20240802_210234.jpg",
            "20240802_210244.jpg",
            1818
        ],
        [
            "20240802_210226.jpg",
            "20240802_210237.jpg",
            517
        ],
        [
            "20240802_210217.jpg",
            "20240802_210258.jpg",
            661
        ],
        [
            "20240802_210214.jpg",
            "20240802_210237.jpg",
            159
        ],
        [
            "20240802_210217.jpg",
            "20240802_210250.jpg",
            284
        ],
        [
            "20240802_210244.jpg",
            "20240802_210250.jpg",
            777
        ],
        [
            "20240802_210258.jpg",
            "20240802_210307.jpg",
            432
        ],
        [
            "20240802_210211.jpg",
            "20240802_210214.jpg",
            1231
        ],
        [
            "20240802_210211.jpg",
            "20240802_210248.jpg",
            501
        ],
        [
