{
    "wall_times": {
        "load_features": 0.14060327364131808,
        "load_matches": 0.0037200571969151497,
        "compute_tracks": 0.22961397375911474
    },
    "wall_time": 0.373937304597348,
    "num_images": 15,
    "num_tracks": 5384,
    "view_graph": [
        [
            "20240726_152855.jpg",
            "20240726_153001.jpg",
            22
        ],
        [
            "20240726_152855.jpg",
            "20240726_153006.jpg",
            7
        ],
        [
            "20240726_152839.jpg",
            "20240726_152855.jpg",
            70
        ],
        [
            "20240726_152902.jpg",
            "20240726_153006.jpg",
            40
        ],
        [
            "20240726_152855.jpg",
            "20240726_152920.jpg",
            7
        ],
        [
            "20240726_152855.jpg",
            "20240726_152957.jpg",
            64
        ],
        [
            "20240726_152909.jpg",
            "20240726_153006.jpg",
            6
        ],
        [
            "20240726_152906.jpg",
            "20240726_153006.jpg",
            9
        ],
        [
            "20240726_152855.jpg",
            "20240726_152906.jpg",
            9
        ],
        [
            "20240726_152846.jpg",
            "20240726_152906.jpg",
            21
        ],
        [
            "20240726_152835.jpg",
            "20240726_152906.jpg",
            59
        ],
        [
            "20240726_152906.jpg",
            "20240726_152920.jpg",
            18
        ],
        [
            "20240726_152904.jpg",
            "20240726_153001.jpg",
            32
        ],
        [
            "20240726_152839.jpg",
            "20240726_152906.jpg",
            31
        ],
        [
            "20240726_152828.jpg",
            "20240726_152904.jpg",
            61
        ],
        [
            "20240726_152906.jpg",
            "20240726_153001.jpg",
            29
        ],
        [
            "20240726_152906.jpg",
            "20240726_152909.jpg",
            158
        ],
        [
            "20240726_152828.jpg",
            "20240726_152906.jpg",
            54
        ],
        [
            "20240726_152940.jpg",
            "20240726_153001.jpg",
            26
        ],
        [
            "20240726_152846.jpg",
            "20240726_152904.jpg",
            59
        ],
        [
            "20240726_152835.jpg",
            "20240726_152904.jpg",
            170
        ],
        [
            "20240726_152839.jpg",
            "20240726_152902.jpg",
            361
        ],
        [
            "20240726_152835.jpg",
            "20240726_152902.jpg",
            356
        ],
        [
            "20240726_152957.jpg",
            "20240726_153006.jpg",
            14
        ],
        [
            "20240726_152900.jpg",
            "20240726_152902.jpg",
            507
        ],
        [
            "20240726_152828.jpg",
            "20240726_152900.jpg",
            170
        ],
        [
            "20240726_152902.jpg",
            "20240726_152957.jpg",
            101
        ],
        [
            "20240726_152902.jpg",
            "20240726_152906.jpg",
            70
        ],
        [
            "20240726_152920.jpg",
            "20240726_153006.jpg",
            76
        ],
        [
            "20240726_152904.jpg",
            "20240726_152909.jpg",
            120
        ],
        [
            "20240726_152846.jpg",
            "20240726_152909.jpg",
            93
        ],
        [
            "20240726_152904.jpg",
            "20240726_152920.jpg",
            64
        ],
        [
            "20240726_152855.jpg",
            "20240726_152909.jpg",
            62
        ],
        [
            "20240726_152900.jpg",
            "20240726_152920.jpg",
            17
        ],
        [
            "20240726_152902.jpg",
            "20240726_152909.jpg",
            155
        ],
        [
            "20240726_152957.jpg",
            "20240726_153001.jpg",
            455
        ],
        [
            "20240726_152828.jpg",
            "20240726_153001.jpg",
            627
        ],
        [
            "20240726_152835.jpg",
            "20240726_152909.jpg",
            569
        ],
        [
            "20240726_152835.jpg",
            "20240726_152940.jpg",
            1
        ],
        [
            "20240726_152835.jpg",
            "20240726_152846.jpg",
            204
        ],
        [
            "20240726_152839.jpg",
            "20240726_152846.jpg",
            265
        ],
        [
            "20240726_152839.jpg",
            "20240726_152904.jpg",
            135
        ],
        [
            "20240726_152900.jpg",
            "20240726_152904.jpg",
            69
        ],
        [
            "20240726_152828.jpg",
            "20240726_152835.jpg",
            728
        ],
        [
            "20240726_152835.jpg",
            "20240726_152900.jpg",
            244
        ],
        [
            "20240726_152920.jpg",
            "20240726_152940.jpg",
            9
        ],
        [
            "20240726_152846.jpg",
            "20240726_152902.jpg",
            269
        ],
        [
            "20240726_152940.jpg",
            "20240726_152957.jpg",
            1
        ],
        [
            "20240726_152835.jpg",
            "20240726_152855.jpg",
            64
        ],
        [
            "20240726_152839.jpg",
            "20240726_152909.jpg",
            345
        ],
        [
            "20240726_152846.jpg",
            "20240726_152900.jpg",
            390
        ],
        [
            "20240726_152904.jpg",
            "20240726_153006.jpg",
            21
        ],
        [
            "20240726_152902.jpg",
            "20240726_152904.jpg",
            226
        ],
        [
            "20240726_152846.jpg",
            "20240726_153001.jpg",
            40
        ],
        [
            "20240726_152828.jpg",
            "20240726_152839.jpg",
            301
        ],
        [
            "20240726_152835.jpg",
            "20240726_152957.jpg",
            366
        ],
        [
            "20240726_152909.jpg",
            "20240726_153001.jpg",
            251
        ],
        [
            "20240726_152835.jpg",
            "20240726_152839.jpg",
            904
        ],
        [
            "20240726_152900.jpg",
            "20240726_152909.jpg",
            171
        ],
        [
            "20240726_152828.jpg",
            "20240726_152940.jpg",
            3
        ],
        [
            "20240726_152835.jpg",
            "20240726_152920.jpg",
            137
        ],
        [
            "20240726_152902.jpg",
            "20240726_153001.jpg",
            52
        ],
        [
            "20240726_152828.jpg",
            "20240726_152846.jpg",
            137
        ],
        [
            "20240726_152909.jpg",
            "20240726_152957.jpg",
            666
        ],
        [
            "20240726_152855.jpg",
            "20240726_152904.jpg",
            26
        ],
        [
            "20240726_152828.jpg",
            "20240726_152957.jpg",
            765
        ],
        [
            "20240726_153001.jpg",
            "20240726_153006.jpg",
            15
        ],
        [
            "20240726_152846.jpg",
            "20240726_153006.jpg",
            20
        ],
        [
            "20240726_152828.jpg",
            "20240726_152902.jpg",
            130
        ],
        [
            "20240726_152904.jpg",
            "20240726_152957.jpg",
            79
        ],
        [
            "20240726_152846.jpg",
            "20240726_152920.jpg",
            24
        ],
        [
            "20240726_152839.jpg",
            "20240726_153006.jpg",
            38
        ],
        [
            "20240726_152839.jpg",
